protein_id	start	end	effector	locus	sample	strand	sequence	start_cctyper	end_cctyper	annotation_gff_cctyper	annotation_cctyper_cctyper	strand_cctyper	evalue_cctyper	sequence_cctyper	start_known	end_known	effector_known	locus_known	sample_known	strand_known	sequence_known	start_ring	end_ring	effector_ring	locus_ring	sample_ring	strand_ring	sequence_ring	type
WP_195168993.1								3362068.0	3362451.0	hypothetical protein	Csx23_0_CAS-III-D	-	4e-32	METVGIIADLIGIAGAVFAFFAWIQARQTQQELIKERKRLAKKVIVKLNYGGQELNLPVELRRAELSRAEILGRIGMLPMREPGKRFSLEFTSTPDFLQRLNQVIDSTSEETLIIPCSKEEFEQFKQ															
WP_195168995.1								3365403.0	3365678.0	CRISPR-associated endonuclease Cas2	Cas2_2_CAS-I-II-III-IV-V-VI	-	9.1e-29	MLWIVSYDIPNDKRRRKVAKVMEGFGRRAQYSVFECDLTLAKMAQLTKSLKRLINNEEDDVRFYPLNKADVQRVRLLGKAQLNRAKGWYMV															
WP_195168998.1								3366371.0	3367369.0	CRISPR-associated endonuclease Cas1	Cas1_0_CAS-I-II-III-IV-V-VI	-	8.9e-97	MSVVYVREQGSMVRKRGERLFVTLGKEEVFDIPLANLEQLVLVGNVQMTTQTATLLLRSHVDVVFMSTYGKFRGRLMLNESRFAQLRHAQLRLCDDDRRSLDIAAQIVAGKVNNQRVVLQRRAEEDAYARQALNGMMSMLQSALQANDLDQLRGYEGKAAAYYFDGVKTFFDPTWGFTKREYYPPPDPANAMLSFAYTLLLKDVVAKIQIVGLDPYLGFFHTLGYNRPGLALDIMEEFRPSISDSVVLTLVRSNQITLDDFEKTNRPDLPVRLAKPAIEKLIEAYEQRLHERIFHPLANGQTSYRRAIELQVRRMAQVILGDAPTYESIQQR															
WP_195168999.1								3367373.0	3368251.0	reverse transcriptase domain-containing protein	RT_0_CAS-III-AM-III-B	-	1.7e-86	MAKWTKTNPSPDILFSMAALRRAWQVVRRSGPSPGVDGVTMQSFAANLDAELNRLRQQICAETYVPESVRRIFIKKSSGKERPISIWTVRDRVAQRVVLDFLAPYLEQIFLPCSYGFRQGISTKDAAAAVSHFRDSGRIWVLDADIHDCFGSIDCDLLMGQVRRVVHSTVSKNLLHQWLRTPIKGFPGQEAQVSQGGVISPMLANLYLHRFDEMAMAALPQSKLVRFADDFIVLSRTEEEAVWSLEVARRSLANLRLNLNMRKTRILHFEEGFEFLGFAFKGNQYRNLSTGA															
WP_195169002.1								3374627.0	3375448.0	CRISPR-associated endoribonuclease Cas6	Cas6_6_IVD	+	3.6000000000000003e-22	MSYFQNDLTSVTLHLRPRKTNRVPKWLGRAAQALYYSSLHDIHPVIATAIHDAHGPKPFTISNIIGAENDGDLTYLNPGHPVKLRLTTLHPHITAITHNTLLPNWNGTGIELHGQPLRIIANAQPDHWSQQTTFAALLDRAPDCREVHMHFTSPTAFKSTAGHHVPLPQPELVFGSLFNRWNFFAPRRMSDAVSDSISKTIQCTKADVHTETIKFARGNKGVISGFLGHVSFYISEQDSVIRRHIQALAAFALYSGIGVHTTVGMGQVKGSVA															
WP_195169003.1								3375445.0	3376284.0	CRISPR-associated ring nuclease	Csx1_19_CAS-III	+	1.6e-22	MRSLSANNPVLLVTLGQRPEAITVALDALLDKYTYDEIGILTTDPKNSGIRRAYHALHTVLADDYQQYKFTVDDYILCHPDGSPIIDLDTNYSAEAYFRGLLQVMKPIREQATPIHLLIAGGRKAMSVYAMLAATWLFGVNDRVLTVLTPQELMQSGFYHMPSKHAHSVQVVEMPMVISRELPITLAAKDIDEMIATQSDPARRFIESLSHARKRVANALAQEDGISNVELASQLGIVEKTVENHLNDIYKQLAAYFDIDHLSDAQKRQMLIDVMRGRV								3375445.0	3376284.0	crn1	GCF_015500095.1_0	GCF_015500095.1	+	MRSLSANNPVLLVTLGQRPEAITVALDALLDKYTYDEIGILTTDPKNSGIRRAYHALHTVLADDYQQYKFTVDDYILCHPDGSPIIDLDTNYSAEAYFRGLLQVMKPIREQATPIHLLIAGGRKAMSVYAMLAATWLFGVNDRVLTVLTPQELMQSGFYHMPSKHAHSVQVVEMPMVISRELPITLAAKDIDEMIATQSDPARRFIESLSHARKRVANALAQEDGISNVELASQLGIVEKTVENHLNDIYKQLAAYFDIDHLSDAQKRQMLIDVMRGRV	rng
WP_195169005.1								3377960.0	3378907.0	type III-B CRISPR module RAMP protein Cmr1	Cmr1gr7_2_CAS-III-B-III-C	+	7.2e-20	MPQLRLTIQTITPLLMYGADNKDDRTNSSIRAEPELRATAIRGLLRYWLRAVLGGKFTAISKVYEQESAILGSTNTGSRVNVRVQKGSSMQVEANQTVLPRQTRGYTLSHTGFVPDSEFRITLSTHLLDKSGVLDENGDLVKAVFLMTHFSGLGRRSRRGSGNLRVLGVKGYESELPLDVLPENRDALTQYLAAVSFHISPQSQTVGRRPSFPVFAWDTAVVLVGRQKHIDYEDAYKELWTVSGPYHQEGGIFGDVRPRRSSAIHMRVAATKAGYVAQQTILWSGNGQWNKMKDYIQHCLSQGFDDVYGTWGHWQ															
WP_195169006.1								3378904.0	3381000.0	type III-B CRISPR-associated protein Cas10/Cmr2	Cas10_0_CAS-III	+	2.0000000000000002e-66	MSAIIVLTIGPVQSYISQARRTQDLWQGSRILSYLASAGVHHALSQQEHGLAEVIYPSMKRDQTDNIPNRMVIRWKGDEDGAKQCAKEIEHAIRGTWRTLSANTMRYFTESLQQDELENVLGIWQRQENTWLECYWVVVPENPALSYSENMQHANATMGARKLLRNFPHIEEHGRKGSITGEHEALRSTGDYVSFWNDRKGEQRNLALLGKHERLSAISTIKRFAHEKKADNDALQFPNRLPSTSSIASASFRYDVLRILDRQDVDVSNLRHTLQAYIKALLTLFKKPSDLFFTQNGYSNPEYFGLIEQTISESTLHDELVKHFRSIDGDFLFEDTLISKTIEEYSGQIPNAKQMRNVQQALSDFLKAASALDIPRPQPYFVILSMDGDHMGKTLGNLDQGQHEKFSRTLADFARHNVKNIVEEEHLGRLVYAGGDDVLALLPVRHALQVAEQLRSEFEKVVATIGVKNHKGEPVTASTGLVCVHHTHNLQDAVNAANNAQKIAKDYYGRNALDVEFLRRSGEPRSMGHKWRRDNETTFNHIDKLVHAFGDDLSRNLPYDLAQIAYKMTAVSVSYDARKAELLRILKRRLSEDKKNGVDDLLKSILWLVKEPQSAFIHDILILVENSPSNLTEEIHALFGMAQGELISLRDAIKREVNKKSEKPLEVRVVSEINKYLEKRWKTTEAWLELARFIAQTT															
WP_195169007.1								3381019.0	3382185.0	type III-B CRISPR module-associated protein Cmr3	Cmr3gr5_7_CAS-III-B-III-C	+	2.8e-63	MTWLEIRPRDVWLFRDGKPFSAGEDHSAHSMFPPTPLTVQGALRQKISESLGVSLWQYKNASKGKTSTNEAEQAVAFIGKHGDMSDFGKFNMCGPFVGLRTNSSTIPLFPVPADLFKHSKTHDFRLSRPGQSLSSDMGEDFSFPEVIEDFENLPGYWMTGDTFKAYLGNSVPDSSKFTEEGAYQDALTAYQAGKHIWHSQLVYQNDNRFGVSTNALTSFREEGQLYQVQFVRPQSGIGLLVSVNDEIPTYLLEGTMTIGGEQRQAKVEKVENVALPAHPESISGQFKVIFLTPTYFDDGWQPKDGDWSEVFGGHEVTLKSVVLYRPLKIGGWSNANNRARAMHNYVAPGSVYYFQTDATFQPLEAITQVPNKINVKALGFGQYAIGQW															
WP_195169008.1								3382212.0	3383087.0	type III-B CRISPR module RAMP protein Cmr4	Cmr4gr7_0_CAS-III-B-III-C	+	1.0999999999999999e-74	MDVQKHILYLYAETPMHVGTGVGLGAVDMPIQREKHTGYPIIQASGIKGALRDTAQLKLGDSDVMKSIFGSDAENREITHASAMSPSDARILLFPVRALNGVFVWITSSTVLARFKQETELNNVPDVPEINQGDLAQVSSENLINAGQIMLEEYTYSSQVTNEATEWANYLATNAFPDADNYWHKRIKSHFAILPDNEFRDFVRYSTEIVTRIHIDDVKKTVKDGQLFTQELLPADSLLYSFIHVTDSRDEKIKAENIVGGLQDAMGNRLQIGGDETVGRGRVRLNWQEVK															
WP_195169009.1								3383087.0	3383494.0	type III-B CRISPR module-associated protein Cmr5	Cmr5gr11_14_CAS-III-B	+	2.2e-32	MATIRQTLEQERASSAWRDIETVTNDQQQKKYGTLARKLPTMIQMNGLGTTLAFLMAKGKSKSDDGHTLIFNHLSKWVLSKIEPAGKYKDLMVLVRNVETDVYRRATTEAIEYGIWLKRYVEAKDWGSADGDDSP															
WP_195169010.1								3383491.0	3384564.0	type III-B CRISPR module RAMP protein Cmr6	Cmr6gr7_1_CAS-III-B-III-C	+	9.999999999999999e-43	MTNQALPQRSRQMLENYVDRCQNLGLILDKYAPWGDDGHGNWDLTMRSTVRRRGQNQVQTLTGGEAKGLWLSTNRRALNNESPSVFEIDRTDTDLLQANIERWGIMVRESDGIAFTMTTAERLVAGLGASHVLETALTLERNTGLPYLPGSTVKGLARAWGLIEIAAQLKVTLDDSIVIGKDEKNLLNVIAETLIAEPTETLFQSIEKLRPVSEDAEALIQWFRFIFGWQGEAGAVCFVDAKYAGERPPRYAADVMTPHYINYYTENGSKPPTDDDNPNPVSFITVERGNMFAFGLIPRLSAFIIFEGEVRENRLITALDVAADWLSKGLAQLGVGSKTSAGYGFFSRKSLNVVIGR															
